current_name,new_name_HERE,size_MB,uploaded,seq_number,needs_rename,key
00099.mp4,,1101.9,2026-06-29,00099,YES,00099.mp4
00147.mp4,,775.5,2026-06-29,00147,YES,00147.mp4
00181.mp4,,108.1,2026-06-29,00181,YES,00181.mp4
00189.mp4,,390.2,2026-06-29,00189,YES,00189.mp4
00190.mp4,,377.1,2026-06-29,00190,YES,00190.mp4
00191.mp4,,268.6,2026-06-29,00191,YES,00191.mp4
2014 STARVING - END SCENE.mp4,,172.3,2026-06-29,,,2014 STARVING - END SCENE.mp4
3yzxZ3EGZtCGpIzr.mp4,,140.4,2026-07-28,,,3yzxZ3EGZtCGpIzr.mp4
8N1oxUB_4Zc9fQi-.mp4,,228.3,2026-07-28,,,8N1oxUB_4Zc9fQi-.mp4
8Pi9kJ1W6A9TjJgB.mp4,,10.1,2026-08-05,,,8Pi9kJ1W6A9TjJgB.mp4
Argentino Culón Entrega El Año a Argentino Pingón 3.mp4,,758.7,2026-06-29,,,Argentino Culón Entrega El Año a Argentino Pingón 3.mp4
Asian Twinks - Cock Ring.mp4,,78.4,2026-06-29,,,Asian Twinks - Cock Ring.mp4
Bad Puppy - Donnie Marco and Bastian Karim.mp4,,157.5,2026-06-29,,,Bad Puppy - Donnie Marco and Bastian Karim.mp4
Big Dic Gay Anal Sex with Creampie.mp4,,182.0,2026-06-29,,,Big Dic Gay Anal Sex with Creampie.mp4
BiLatinMen - JR and Rose.mp4,,234.8,2026-06-29,,,BiLatinMen - JR and Rose.mp4
BiLatinMen_facial.mp4,,108.7,2026-07-28,,,BiLatinMen_facial.mp4
BROTHERCRUSH_GUESTHOUSE.m4v,,2801.9,2026-06-29,,,BROTHERCRUSH_GUESTHOUSE.m4v
BSB - Horse dick.mp4,,44.0,2026-06-29,,,BSB - Horse dick.mp4
BSB 00072.mp4,,335.1,2026-06-29,00072,,BSB 00072.mp4
BSB 00073.mp4,,409.6,2026-06-29,00073,,BSB 00073.mp4
BSB 00074.mp4,,338.8,2026-06-29,00074,,BSB 00074.mp4
BSB 00075.mp4,,406.8,2026-06-29,00075,,BSB 00075.mp4
BSB 00076.mp4,,458.8,2026-06-29,00076,,BSB 00076.mp4
BSB 00077.mp4,,278.0,2026-06-29,00077,,BSB 00077.mp4
BSB 00078.mp4,,361.4,2026-06-29,00078,,BSB 00078.mp4
BSB 00079.mp4,,439.6,2026-06-29,00079,,BSB 00079.mp4
BSB 00080.mp4,,405.5,2026-06-29,00080,,BSB 00080.mp4
BSB 00081.mp4,,298.3,2026-06-29,00081,,BSB 00081.mp4
BSB 00082.mp4,,322.3,2026-06-29,00082,,BSB 00082.mp4
BSB 00083.mp4,,376.5,2026-06-29,00083,,BSB 00083.mp4
BSB 00084.mp4,,356.0,2026-06-29,00084,,BSB 00084.mp4
BSB 00085.mp4,,356.5,2026-06-29,00085,,BSB 00085.mp4
BSB 00086.mp4,,304.6,2026-06-29,00086,,BSB 00086.mp4
BSB 00087.mp4,,304.7,2026-06-29,00087,,BSB 00087.mp4
BSB 00088.mp4,,316.6,2026-06-29,00088,,BSB 00088.mp4
BSB 00089.mp4,,323.7,2026-06-29,00089,,BSB 00089.mp4
BSB 00090.mp4,,637.1,2026-06-29,00090,,BSB 00090.mp4
BSB 00091.mp4,,221.1,2026-06-29,00091,,BSB 00091.mp4
BSB 00092.mp4,,265.3,2026-06-29,00092,,BSB 00092.mp4
BSB 00093.mp4,,422.7,2026-06-29,00093,,BSB 00093.mp4
BSB 00095.mp4,,547.6,2026-06-29,00095,,BSB 00095.mp4
BSB 00096.mp4,,257.1,2026-06-29,00096,,BSB 00096.mp4
BSB 00097.mp4,,522.2,2026-06-29,00097,,BSB 00097.mp4
BSB 00098.mp4,,622.9,2026-06-29,00098,,BSB 00098.mp4
BSB 00100.mp4,,201.8,2026-06-29,00100,,BSB 00100.mp4
BSB 00101.mp4,,274.7,2026-06-29,00101,,BSB 00101.mp4
BSB 00128.mp4,,402.3,2026-06-29,00128,,BSB 00128.mp4
BSB 00130.mp4,,461.8,2026-06-29,00130,,BSB 00130.mp4
BSB 00132.mp4,,472.5,2026-06-29,00132,,BSB 00132.mp4
BSB 00134.mp4,,455.1,2026-06-29,00134,,BSB 00134.mp4
BSB 00139.mp4,,421.9,2026-06-29,00139,,BSB 00139.mp4
BSB 00145.mp4,,585.5,2026-06-29,00145,,BSB 00145.mp4
BSB 00149.mp4,,411.1,2026-06-29,00149,,BSB 00149.mp4
BSB 00150.mp4,,524.5,2026-06-29,00150,,BSB 00150.mp4
BSB 00151.mp4,,647.3,2026-06-29,00151,,BSB 00151.mp4
BSB 00152.mp4,,300.7,2026-06-29,00152,,BSB 00152.mp4
BSB 00153.mp4,,449.0,2026-06-29,00153,,BSB 00153.mp4
BSB 00154.mp4,,532.9,2026-06-29,00154,,BSB 00154.mp4
BSB 00155.mp4,,396.0,2026-06-29,00155,,BSB 00155.mp4
BSB 00157.mp4,,334.1,2026-06-29,00157,,BSB 00157.mp4
BSB 00158.mp4,,399.2,2026-06-29,00158,,BSB 00158.mp4
BSB 00159.mp4,,345.0,2026-06-29,00159,,BSB 00159.mp4
BSB 00187.mp4,,2768.8,2026-06-29,00187,,BSB 00187.mp4
BSB 00188.mp4,,1873.1,2026-06-29,00188,,BSB 00188.mp4
BSB_ALANANDCOREY.mp4,,279.5,2026-06-29,,,BSB_ALANANDCOREY.mp4
Casual Foursome.mp4,,79.8,2026-06-29,,,Casual Foursome.mp4
Chaos Men - Aiden Taylor and Valentin Petrov.mp4,,502.9,2026-06-29,,,Chaos Men - Aiden Taylor and Valentin Petrov.mp4
Chaos Men - Beaux Matthews and Dick Dawson.mp4,,100.5,2026-06-29,,,Chaos Men - Beaux Matthews and Dick Dawson.mp4
Chaos Men - Ransom and Tyler Graves Serviced.mp4,,48.5,2026-06-29,,,Chaos Men - Ransom and Tyler Graves Serviced.mp4
Cm 2270 Argos and Declan Raw.mp4,,224.8,2026-06-29,,,Cm 2270 Argos and Declan Raw.mp4
Cocky Boys - Anthony and James.mp4,,143.3,2026-06-29,,,Cocky Boys - Anthony and James.mp4
COLLEDG DUDES 00108.mp4,,441.6,2026-06-29,00108,,COLLEDG DUDES 00108.mp4
COLLEDGE DUDES 00116.mp4,,504.4,2026-06-29,00116,,COLLEDGE DUDES 00116.mp4
COLLEGE DUDES 00104.mp4,,742.2,2026-06-29,00104,,COLLEGE DUDES 00104.mp4
COLLEGE DUDES 00105.mp4,,579.3,2026-06-29,00105,,COLLEGE DUDES 00105.mp4
COLLEGE DUDES 00106.mp4,,558.8,2026-06-29,00106,,COLLEGE DUDES 00106.mp4
COLLEGE DUDES 00107.mp4,,466.8,2026-06-29,00107,,COLLEGE DUDES 00107.mp4
COLLEGE DUDES 00109.mp4,,368.5,2026-06-29,00109,,COLLEGE DUDES 00109.mp4
COLLEGE DUDES 00110.mp4,,391.8,2026-06-29,00110,,COLLEGE DUDES 00110.mp4
COLLEGE DUDES 00111.mp4,,407.4,2026-06-29,00111,,COLLEGE DUDES 00111.mp4
COLLEGE DUDES 00112.mp4,,467.2,2026-06-29,00112,,COLLEGE DUDES 00112.mp4
COLLEGE DUDES 00113.mp4,,409.4,2026-06-29,00113,,COLLEGE DUDES 00113.mp4
COLLEGE DUDES 00115.mp4,,360.3,2026-06-29,00115,,COLLEGE DUDES 00115.mp4
Cruising Amateur.mp4,,97.7,2026-06-29,,,Cruising Amateur.mp4
Cute Horny Gay Lets His Gardener Stretch His Tight Asshole.mp4,,116.2,2026-06-29,,,Cute Horny Gay Lets His Gardener Stretch His Tight Asshole.mp4
Daniel Dean and Tony Romero.mp4,,58.0,2026-06-29,,,Daniel Dean and Tony Romero.mp4
DefiantSkaters_GoWithIt.mp4,,970.3,2026-08-05,,,DefiantSkaters_GoWithIt.mp4
Desperate 4 Dick Scene 3.mp4,,330.6,2026-06-29,,,Desperate 4 Dick Scene 3.mp4
Don T Just Sit There Join to Fuck.mp4,,700.7,2026-06-29,,,Don T Just Sit There Join to Fuck.mp4
Dustin Cross and Mike Gaite.mp4,,383.4,2026-06-29,,,Dustin Cross and Mike Gaite.mp4
Eating and Sharing Cum.mp4,,384.9,2026-06-29,,,Eating and Sharing Cum.mp4
Eric Videos - Romeo Davis and Donnie Marco Fucking Jey Lover.mp4,,107.3,2026-06-29,,,Eric Videos - Romeo Davis and Donnie Marco Fucking Jey Lover.mp4
Eu E Meus Amigos Comemos Meu Tio.mp4,,190.3,2026-06-29,,,Eu E Meus Amigos Comemos Meu Tio.mp4
fbip8Z3ANRdXXVfl.mp4,,114.0,2026-07-28,,,fbip8Z3ANRdXXVfl.mp4
Fucking Sister S Boyfriend.mp4,,104.1,2026-06-29,,,Fucking Sister S Boyfriend.mp4
Giant Trio Cock.mp4,,405.2,2026-06-29,,,Giant Trio Cock.mp4
Gorgeous Colombian Bottom.mp4,,93.0,2026-06-29,,,Gorgeous Colombian Bottom.mp4
Guysinsweatpants_001.mp4,,2030.7,2026-06-29,,,Guysinsweatpants_001.mp4
Guysinsweatpants_00114.mp4,,1908.7,2026-06-29,00114,,Guysinsweatpants_00114.mp4
Guysinsweatpants_00117.mp4,,1810.2,2026-06-29,00117,,Guysinsweatpants_00117.mp4
Guysinsweatpants_00118.mp4,,1928.3,2026-06-29,00118,,Guysinsweatpants_00118.mp4
Guysinsweatpants_00119.mp4,,2004.7,2026-06-29,00119,,Guysinsweatpants_00119.mp4
Guysinsweatpants_00120.mp4,,2253.9,2026-06-29,00120,,Guysinsweatpants_00120.mp4
Guysinsweatpants_00121.mp4,,2715.4,2026-06-29,00121,,Guysinsweatpants_00121.mp4
Guysinsweatpants_00122.mp4,,1227.1,2026-06-29,00122,,Guysinsweatpants_00122.mp4
Guysinsweatpants_00124.mp4,,1710.1,2026-06-29,00124,,Guysinsweatpants_00124.mp4
Guysinsweatpants_00125.mp4,,1978.4,2026-06-29,00125,,Guysinsweatpants_00125.mp4
Guysinsweatpants_00135.mp4,,821.4,2026-06-29,00135,,Guysinsweatpants_00135.mp4
Guysinsweatpants_00140.mp4,,886.4,2026-06-29,00140,,Guysinsweatpants_00140.mp4
Guysinsweatpants_00143.mp4,,900.9,2026-06-29,00143,,Guysinsweatpants_00143.mp4
GuysinSweatPants_BattleoftheBigDicks_ArleyMoren_OrlandoRivas.mp4,,1695.8,2026-07-25,,,GuysinSweatPants_BattleoftheBigDicks_ArleyMoren_OrlandoRivas.mp4
GuysinSweatPants_draining-rio_DamienCruz_Rio.mp4,,1968.0,2026-07-25,,,GuysinSweatPants_draining-rio_DamienCruz_Rio.mp4
GuysinSweatPants_greysons-first-fuck_Mateo_Greysons.mp4,,1271.9,2026-07-25,,,GuysinSweatPants_greysons-first-fuck_Mateo_Greysons.mp4
GuysinSweatPants_LaundryDay_Florez_OrlandoRivas.mp4,,1505.5,2026-07-25,,,GuysinSweatPants_LaundryDay_Florez_OrlandoRivas.mp4
GuysinSweatPants_match-made-in-heaven_DamienCruz_OrlandoRivas.mp4,,1947.1,2026-07-25,,,GuysinSweatPants_match-made-in-heaven_DamienCruz_OrlandoRivas.mp4
GuysinSweatPants_mateo-fucks-vincent_Mateo_Vincent.mp4,,1707.6,2026-07-25,,,GuysinSweatPants_mateo-fucks-vincent_Mateo_Vincent.mp4
GuysinSweatPants_meeting-mike.mp4,,1175.5,2026-07-25,,,GuysinSweatPants_meeting-mike.mp4
GuysinSweatPants_PolaroidPounding_Ian_Rio.mp4,,1223.9,2026-07-25,,,GuysinSweatPants_PolaroidPounding_Ian_Rio.mp4
guysinsweatpants_use-my-hole_Rio_RomeoFoxx.mp4,,1250.7,2026-07-25,,,guysinsweatpants_use-my-hole_Rio_RomeoFoxx.mp4
GuysinSweatPants_UsingFlorez_ArleyMoren_Florez.mp4,,1512.2,2026-07-25,,,GuysinSweatPants_UsingFlorez_ArleyMoren_Florez.mp4
Happy Working From Home.mp4,,504.0,2026-06-29,,,Happy Working From Home.mp4
Hot Rola - Hanry and Leonardo.mp4,,210.1,2026-06-29,,,Hot Rola - Hanry and Leonardo.mp4
Huge Uncut Latin Cock Pov Bareback Hairy Anal.mp4,,73.3,2026-06-29,,,Huge Uncut Latin Cock Pov Bareback Hairy Anal.mp4
irmaosdotados_barbershop.mp4,,167.8,2026-07-28,,,irmaosdotados_barbershop.mp4
jecttjXrJD97AyHN.mp4,,78.8,2026-08-05,,,jecttjXrJD97AyHN.mp4
Jeff Stronger and Phyzer.mp4,,265.8,2026-06-29,,,Jeff Stronger and Phyzer.mp4
Latin Gay Flip Flop with Facial.mp4,,231.8,2026-06-29,,,Latin Gay Flip Flop with Facial.mp4
Latin Leche.mp4,,575.4,2026-06-29,,,Latin Leche.mp4
LUCASENTERATAINTMENT_ATTIC.mp4,,219.3,2026-06-29,,,LUCASENTERATAINTMENT_ATTIC.mp4
LUCASENTERTAINMENT_MAXANDDYLAN.mp4,,295.0,2026-06-29,,,LUCASENTERTAINMENT_MAXANDDYLAN.mp4
ManHunter - Shawn.mp4,,155.9,2026-06-29,,,ManHunter - Shawn.mp4
Martinez.mp4,,910.4,2026-06-29,,,Martinez.mp4
Max Edge 211.mp4,,153.1,2026-06-29,,,Max Edge 211.mp4
mB2V2sZ1O9hY5dxY.mp4,,315.0,2026-08-05,,YES,mB2V2sZ1O9hY5dxY.mp4
More Than a Driver.mp4,,393.6,2026-06-29,,,More Than a Driver.mp4
Movie_FishingPole.mp4,,817.2,2026-08-05,,,Movie_FishingPole.mp4
My Stepdad Took Advantage of Me Pov 2.mp4,,552.1,2026-06-29,,,My Stepdad Took Advantage of Me Pov 2.mp4
New Compilation of Anonymous Scenes at My Gloryhole and Anonymous Oral Service Chair.mp4,,216.9,2026-06-29,,,New Compilation of Anonymous Scenes at My Gloryhole and Anonymous Oral Service Chair.mp4
NEXTDOOR TYLER WU AND WASIAN.mp4,,1488.1,2026-06-29,,,NEXTDOOR TYLER WU AND WASIAN.mp4
"NEXTDOOR TYLER WU, JACKSON AND WASIAN.mp4",,264.1,2026-06-29,,,"NEXTDOOR TYLER WU, JACKSON AND WASIAN.mp4"
Nothing Better Than a Threesome.mp4,,323.2,2026-06-29,,,Nothing Better Than a Threesome.mp4
ONLY FANS - GUY ONE.mp4,,192.5,2026-06-29,,,ONLY FANS - GUY ONE.mp4
ONLY FANS - TWO GUYS.mp4,,138.5,2026-06-29,,,ONLY FANS - TWO GUYS.mp4
OnlyFans - A Flip Fuck While Creampied Him.mp4,,268.8,2026-06-29,,,OnlyFans - A Flip Fuck While Creampied Him.mp4
ONLYFANS - AUSSIE PARTY.mp4,,409.9,2026-06-29,,,ONLYFANS - AUSSIE PARTY.mp4
OnlyFans - Caught Him Jerking and Then He Fucked Him Brutally.mp4,,378.4,2026-06-29,,,OnlyFans - Caught Him Jerking and Then He Fucked Him Brutally.mp4
ONLYFANS - FIRST TIME.mp4,,269.4,2026-06-29,,,ONLYFANS - FIRST TIME.mp4
OnlyFans - From Bathroom to Bedroom We Fuck.mp4,,389.0,2026-06-29,,,OnlyFans - From Bathroom to Bedroom We Fuck.mp4
OnlyFans - Getting Manhandled by a Latin Hunk.mp4,,237.5,2026-06-29,,,OnlyFans - Getting Manhandled by a Latin Hunk.mp4
OnlyFans - Hairy Fuckers Having the Best Fuck of Their Life.mp4,,209.8,2026-06-29,,,OnlyFans - Hairy Fuckers Having the Best Fuck of Their Life.mp4
ONLYFANS - LATIN BUDDIES.mp4,,172.5,2026-06-29,,,ONLYFANS - LATIN BUDDIES.mp4
OnlyFans - Sharing Cocks and Holes with Each Other.mp4,,319.7,2026-06-29,,,OnlyFans - Sharing Cocks and Holes with Each Other.mp4
OnlyFans - Taking Turns to Satisfy Each Other.mp4,,273.3,2026-06-29,,,OnlyFans - Taking Turns to Satisfy Each Other.mp4
Perverse Week End Part 2.mp4,,202.6,2026-06-29,,,Perverse Week End Part 2.mp4
PeterFever_ElevatorAsian.mp4,,38.5,2026-07-28,,,PeterFever_ElevatorAsian.mp4
Police Fucks Me at Cruising.mp4,,320.9,2026-06-29,,,Police Fucks Me at Cruising.mp4
Primo Fica Preso E O Outro Se Diverte.mp4,,444.2,2026-06-29,,,Primo Fica Preso E O Outro Se Diverte.mp4
Raw Fuck Club - Mario Cruz and Marcos Mateo Bareback.mp4,,148.9,2026-06-29,,,Raw Fuck Club - Mario Cruz and Marcos Mateo Bareback.mp4
Raw Fuck Club - Milo Galician Sucks André Pijote Oral Sex.mp4,,69.6,2026-06-29,,,Raw Fuck Club - Milo Galician Sucks André Pijote Oral Sex.mp4
Raw Fuck Club - Roman Mercury Fucks Blessed Boy Again.mp4,,85.7,2026-06-29,,,Raw Fuck Club - Roman Mercury Fucks Blessed Boy Again.mp4
Raw Hole - Raw Latin Pile Up Behind the Scenes Eric Sampa Marcos Goiano and Daniel Toro.mp4,,69.7,2026-06-29,,,Raw Hole - Raw Latin Pile Up Behind the Scenes Eric Sampa Marcos Goiano and Daniel Toro.mp4
Rico Marlon Gloryhole Day 2.mp4,,299.3,2026-06-29,,,Rico Marlon Gloryhole Day 2.mp4
SAYUNCLE_SLEEPINGIN.m4v,,1658.6,2026-06-29,,,SAYUNCLE_SLEEPINGIN.m4v
Sc1oay_7q-kBs6Dr.mp4,,655.1,2026-08-05,,YES,Sc1oay_7q-kBs6Dr.mp4
t5PrYgAk_nee1crZ.mp4,,180.7,2026-07-28,,,t5PrYgAk_nee1crZ.mp4
TimTales_comp.mp4,,74.7,2026-08-05,,,TimTales_comp.mp4
TwinkAboo - Ralph and John.mp4,,108.4,2026-06-29,,,TwinkAboo - Ralph and John.mp4
UL9BjXHCoi9zJmfk.mp4,,96.0,2026-07-28,,,UL9BjXHCoi9zJmfk.mp4
Vander and Mason.mp4,,141.8,2026-06-29,,,Vander and Mason.mp4
Vegas Vacation.mp4,,444.9,2026-06-29,,,Vegas Vacation.mp4
yGR8pYpkUiItSc80.mp4,,194.2,2026-07-29,,,yGR8pYpkUiItSc80.mp4
Z19b4QUrionGUCFQ.mp4,,1051.1,2026-08-05,,,Z19b4QUrionGUCFQ.mp4
